{"cameraMode":{"drawMode":0,"name":"Shaded","section":"Shading Mode"},"sceneLighting":true,"audioPlay":false,"sceneViewState":{"showFog":true,"showMaterialUpdate":false,"showSkybox":true,"showFlares":true,"showImageEffects":true,"showParticleSystems":true},"in2DMode":false,"pivot":{"x":8.395465850830079,"y":4.436309337615967,"z":-44.40311813354492},"rotation":{"x":-0.17266415059566499,"y":0.2658165693283081,"z":-0.048456065356731418,"w":-0.9471979141235352},"size":10.034936904907227,"orthographic":false}